
SET NAMES UTF8;
#放弃数据库(如果存在)xianhua
DROP DATABASE IF EXISTS xianhua;
#创建数据库tedu
CREATE DATABASE xianhua CHARSET=UTF8;
#进入数据库
USE xianhua;



#悬停主题大图
CREATE TABLE argument_img(
  lid TINYINT PRIMARY KEY AUTO_INCREMENT,
  dname VARCHAR(64),
  big_img VARCHAR(128),
  small_img VARCHAR(128)
);
#创建主题图片表
INSERT INTO argument_img VALUES(null,'鲜花速递网七夕情人节鲜花预定','img/1_100lb.png','img/1_100lb.png');
INSERT INTO argument_img VALUES(null,'鲜花速递网生日送花专题','img/2_100lb.png','img/2_100lb.png');
INSERT INTO argument_img VALUES(null,'家庭花卉绿植订购','img/3_100lb.png','img/3_100lb.png');
INSERT INTO argument_img VALUES(null,'母亲节鲜花预定','img/4_100lb.png','img/4_100lb.png');


#创建花类型表
CREATE TABLE flower_type(
  did TINYINT PRIMARY KEY AUTO_INCREMENT,
  dname VARCHAR(16)
);


#插入数据
INSERT INTO flower_type VALUES(NULL,'新品上市');
INSERT INTO flower_type VALUES(NULL,'红玫瑰精选');
INSERT INTO flower_type VALUES(NULL,'生日鲜花');
INSERT INTO flower_type VALUES(NULL,'混搭鲜花');
INSERT INTO flower_type VALUES(NULL,'公司用花');


#鲜花详情
CREATE TABLE flower_laptop(
  lid INT PRIMARY KEY AUTO_INCREMENT,
  family_id INT,              #所属型号家族编号
  title VARCHAR(128),         #主标题
  price DECIMAL(10,2),        #价格
  market_price DECIMAL(10,2), #市场价格
  flower_wood  VARCHAR(128),  #花材
  pack VARCHAR(64),           #包装
  flower_language VARCHAR(64),#花语
  fresh VARCHAR(64),          #鲜花附送
  deliver VARCHAR(128),       #配送区域
  note  VARCHAR(128),	      #备注	
  tip   VARCHAR(128)         #小贴士	
);

#鲜花详情
INSERT INTO flower_laptop VALUES
(1,1,'爱的宣言',168,215,'11朵红玫瑰，搭配满天星、栀子叶。','高档黑色硬纸单面包装，白色丝带精美蝴蝶结','我深爱着你，甘心为你付出所有','免费送贺卡，代写您的祝福。(下单时填写留言栏)','本地区各市县、乡镇、街道（市区内免费配送）','由于心意鲜花网各地的花艺师不同，鲜花包扎效果可能在花束的形式和搭配上与图片不完全一致，但我们保证鲜花的主花材品种、新鲜程度、数量、颜色与说明一致，谢谢。','订购脱单鲜花，鲜花配送日期为11.11下单自动显示为“光棍节”鲜花预订价，鲜花价格随花材批发价格随时波动，“光棍节”鲜花越早预订越便宜！'),
(2,1,'蓝色之爱 ',1289,1653,'99朵蓝色妖姬，搭配黄莺、满天星','白色波点轻纱包裹白色瓦楞纸内包，蓝色卷边纸外围圆形包装','爱情像糖衣，我囫囵吞下，享受瞬间的甜蜜','免费送贺卡，代写您的祝福。(下单时填写留言栏)','本地区各市县、乡镇、街道（市区内免费配送）','由于心意鲜花网各地的花艺师不同，鲜花包扎效果可能在花束的形式和搭配上与图片不完全一致，但我们保证鲜花的主花材品种、新鲜程度、数量、颜色与说明一致，谢谢。','订购脱单鲜花，鲜花配送日期为11.11下单自动显示为“光棍节”鲜花预订价，鲜花价格随花材批发价格随时波动，“光棍节”鲜花越早预订越便宜！'),
(3,1,'花漾的季节',265,340,'19朵香槟玫瑰，桔梗穿插点缀','白色棉纸内村，牛皮纸外包，绿色系丝带蝴蝶结','如初恋般的邂逅，用一朵花开的时间相遇，在最美的年花里，用最美的姿态遇见你','免费送贺卡，代写您的祝福。(下单时填写留言栏)','本地区各市县、乡镇、街道（市区内免费配送）','由于心意鲜花网各地的花艺师不同，鲜花包扎效果可能在花束的形式和搭配上与图片不完全一致，但我们保证鲜花的主花材品种、新鲜程度、数量、颜色与说明一致，谢谢。','订购脱单鲜花，鲜花配送日期为11.11下单自动显示为“光棍节”鲜花预订价，鲜花价格随花材批发价格随时波动，“光棍节”鲜花越早预订越便宜！'),
(4,1,'母爱知心',289,371,'9枝粉色康乃馨，间插相思梅点缀','白色鸟巢纸扇形包装，拉菲草蝴蝶结丝带 ，高档礼盒精美包装','像母亲一样，浓浓的深情，默默若许你那，平凡几度秋，无声无息','免费送贺卡，代写您的祝福。(下单时填写留言栏)','本地区各市县、乡镇、街道（市区内免费配送）','由于心意鲜花网各地的花艺师不同，鲜花包扎效果可能在花束的形式和搭配上与图片不完全一致，但我们保证鲜花的主花材品种、新鲜程度、数量、颜色与说明一致，谢谢。','订购脱单鲜花，鲜花配送日期为11.11下单自动显示为“光棍节”鲜花预订价，鲜花价格随花材批发价格随时波动，“光棍节”鲜花越早预订越便宜！'),
#红玫瑰花精选
(5,2,'爱你永恒',378,485,'33枝红玫瑰，搭配相思豆点缀','高档礼盒精美包装','走过万水千山，寻寻觅觅，一回首，原来爱一直都在身边','免费送贺卡，代写您的祝福。(下单时填写留言栏)','本地区各市县、乡镇、街道（市区内免费配送）','由于心意鲜花网各地的花艺师不同，鲜花包扎效果可能在花束的形式和搭配上与图片不完全一致，但我们保证鲜花的主花材品种、新鲜程度、数量、颜色与说明一致，谢谢。','订购脱单鲜花，鲜花配送日期为11.11下单自动显示为“光棍节”鲜花预订价，鲜花价格随花材批发价格随时波动，“光棍节”鲜花越早预订越便宜！'),
(6,2,'LOVE 99',606,777,'99枝红玫瑰，外围满天星','白色英文报纸包装，精美丝带系蝴蝶结','99朵靓丽的红玫瑰，献给你的至爱！','免费送贺卡，代写您的祝福。(下单时填写留言栏)','本地区各市县、乡镇、街道（市区内免费配送）','由于心意鲜花网各地的花艺师不同，鲜花包扎效果可能在花束的形式和搭配上与图片不完全一致，但我们保证鲜花的主花材品种、新鲜程度、数量、颜色与说明一致，谢谢。','订购脱单鲜花，鲜花配送日期为11.11下单自动显示为“光棍节”鲜花预订价，鲜花价格随花材批发价格随时波动，“光棍节”鲜花越早预订越便宜！'),
(7,2,'爱你一生',339,435,'33朵红玫瑰，搭配相思梅点缀','黑色牛皮纸，搭配精美缎带蝴蝶结包扎','烛光摇曳一季繁花，每一支都代表我对你的爱慕，我爱你','免费送贺卡，代写您的祝福。(下单时填写留言栏)','本地区各市县、乡镇、街道（市区内免费配送）','由于心意鲜花网各地的花艺师不同，鲜花包扎效果可能在花束的形式和搭配上与图片不完全一致，但我们保证鲜花的主花材品种、新鲜程度、数量、颜色与说明一致，谢谢。','订购脱单鲜花，鲜花配送日期为11.11下单自动显示为“光棍节”鲜花预订价，鲜花价格随花材批发价格随时波动，“光棍节”鲜花越早预订越便宜！'),
(8,2,'浪漫时光',189,242,'11枝红玫瑰，搭配满天星、栀子叶','高档灰色硬纸外包装，精美条纹丝带','红色的玫瑰太过浪漫，就像我爱上你时着迷的模样，我爱你','免费送贺卡，代写您的祝福。(下单时填写留言栏)','本地区各市县、乡镇、街道（市区内免费配送）','由于心意鲜花网各地的花艺师不同，鲜花包扎效果可能在花束的形式和搭配上与图片不完全一致，但我们保证鲜花的主花材品种、新鲜程度、数量、颜色与说明一致，谢谢。','订购脱单鲜花，鲜花配送日期为11.11下单自动显示为“光棍节”鲜花预订价，鲜花价格随花材批发价格随时波动，“光棍节”鲜花越早预订越便宜！'),
(9,2,'浪漫火花',618,792,'99枝红玫瑰，搭配满天星','酒红色卡纸精美包装','还原玫瑰本初的颜色，是以不灭的爱火和浪漫，定义至死不渝的深刻和浪漫。热烈的爱，不变的心','免费送贺卡，代写您的祝福。(下单时填写留言栏)','本地区各市县、乡镇、街道（市区内免费配送）','由于心意鲜花网各地的花艺师不同，鲜花包扎效果可能在花束的形式和搭配上与图片不完全一致，但我们保证鲜花的主花材品种、新鲜程度、数量、颜色与说明一致，谢谢。','订购脱单鲜花，鲜花配送日期为11.11下单自动显示为“光棍节”鲜花预订价，鲜花价格随花材批发价格随时波动，“光棍节”鲜花越早预订越便宜！'),
(10,2,'心有灵犀',659,845,'99朵混搭玫瑰（红+白），一对情侣小熊','高档心形礼盒装','问我喜欢做什么？吃饭、睡觉、想你;为什么心痛？因为心碎成三瓣，一瓣想你，一瓣念你，一瓣活着好好爱你','免费送贺卡，代写您的祝福。(下单时填写留言栏)','本地区各市县、乡镇、街道（市区内免费配送）','由于心意鲜花网各地的花艺师不同，鲜花包扎效果可能在花束的形式和搭配上与图片不完全一致，但我们保证鲜花的主花材品种、新鲜程度、数量、颜色与说明一致，谢谢。','订购脱单鲜花，鲜花配送日期为11.11下单自动显示为“光棍节”鲜花预订价，鲜花价格随花材批发价格随时波动，“光棍节”鲜花越早预订越便宜！'),
#生日鲜花
(11,3,'亲密爱人',266,314,'19朵红玫瑰，搭配绿色桔梗','精美长方形礼盒装','你是我的亲密爱人，是我一生最爱的人','免费送贺卡，代写您的祝福。(下单时填写留言栏)','本地区各市县、乡镇、街道（市区内免费配送）','由于心意鲜花网各地的花艺师不同，鲜花包扎效果可能在花束的形式和搭配上与图片不完全一致，但我们保证鲜花的主花材品种、新鲜程度、数量、颜色与说明一致，谢谢。','订购脱单鲜花，鲜花配送日期为11.11下单自动显示为“光棍节”鲜花预订价，鲜花价格随花材批发价格随时波动，“光棍节”鲜花越早预订越便宜！'),
(12,3,'夏日晴空',339,435,'33枝香槟玫瑰，搭配相思梅','英文雾面纸内衬，黑色硬纸外包，精美银色丝带','你笑了，我的天空放晴；你的一举一动，左右我的情绪','免费送贺卡，代写您的祝福。(下单时填写留言栏)','本地区各市县、乡镇、街道（市区内免费配送）','由于心意鲜花网各地的花艺师不同，鲜花包扎效果可能在花束的形式和搭配上与图片不完全一致，但我们保证鲜花的主花材品种、新鲜程度、数量、颜色与说明一致，谢谢。','订购脱单鲜花，鲜花配送日期为11.11下单自动显示为“光棍节”鲜花预订价，鲜花价格随花材批发价格随时波动，“光棍节”鲜花越早预订越便宜！'),
(13,3,'不变的心',339,435,'33枝戴安娜，搭配满天星','白色绵纸内衬，粉色卡纸外包，精美花结','爱上你是我今生最大的幸福，想你是我最甜蜜的痛苦，和你在一起是我的骄傲。没有你，我就像一只迷失了方向的船。','免费送贺卡，代写您的祝福。(下单时填写留言栏)','本地区各市县、乡镇、街道（市区内免费配送）','由于心意鲜花网各地的花艺师不同，鲜花包扎效果可能在花束的形式和搭配上与图片不完全一致，但我们保证鲜花的主花材品种、新鲜程度、数量、颜色与说明一致，谢谢。','订购脱单鲜花，鲜花配送日期为11.11下单自动显示为“光棍节”鲜花预订价，鲜花价格随花材批发价格随时波动，“光棍节”鲜花越早预订越便宜！'),
(14,3,'花开漫恋',359,460,'苏醒玫瑰20枝、雪山玫瑰13枝，搭配白色相思梅','豆沙色单面纸、白色雪梨纸、粉色银白色缎带','向阳天使，带给你无比勇气与祝福','免费送贺卡，代写您的祝福。(下单时填写留言栏)','本地区各市县、乡镇、街道（市区内免费配送）','由于心意鲜花网各地的花艺师不同，鲜花包扎效果可能在花束的形式和搭配上与图片不完全一致，但我们保证鲜花的主花材品种、新鲜程度、数量、颜色与说明一致，谢谢。','订购脱单鲜花，鲜花配送日期为11.11下单自动显示为“光棍节”鲜花预订价，鲜花价格随花材批发价格随时波动，“光棍节”鲜花越早预订越便宜！'),
(15,3,'爱微笑的眼睛',279,358,'8枝香水粉百合，搭配勿忘我、满天星、栀子叶','白色雾面纸内衬，灰色雾面纸外包，精美银色丝带','心花怒放，你若不离，我便不弃','免费送贺卡，代写您的祝福。(下单时填写留言栏)','本地区各市县、乡镇、街道（市区内免费配送）','由于心意鲜花网各地的花艺师不同，鲜花包扎效果可能在花束的形式和搭配上与图片不完全一致，但我们保证鲜花的主花材品种、新鲜程度、数量、颜色与说明一致，谢谢。','订购脱单鲜花，鲜花配送日期为11.11下单自动显示为“光棍节”鲜花预订价，鲜花价格随花材批发价格随时波动，“光棍节”鲜花越早预订越便宜！'),
(16,3,'绝代佳人',338,433,'33枝粉玫瑰，搭配红色相思梅','红色硬纸圆形包装，红色丝带系蝴蝶结','爱，是世界最富魅力、人间最富色彩的字眼。感谢你清风似的常在我左右，你永在我心中重要的一角','免费送贺卡，代写您的祝福。(下单时填写留言栏)','本地区各市县、乡镇、街道（市区内免费配送）','由于心意鲜花网各地的花艺师不同，鲜花包扎效果可能在花束的形式和搭配上与图片不完全一致，但我们保证鲜花的主花材品种、新鲜程度、数量、颜色与说明一致，谢谢。','订购脱单鲜花，鲜花配送日期为11.11下单自动显示为“光棍节”鲜花预订价，鲜花价格随花材批发价格随时波动，“光棍节”鲜花越早预订越便宜！'),
#混搭鲜花
(17,4,'热情可嘉',329,422,'5朵紫玫，6朵白玫，2枝绣球，桔梗、精美配草','白色、灰色鸟巢纸韩式包扎','给爱一个不悔的誓言，让相爱过都彼此思念','免费送贺卡，代写您的祝福。(下单时填写留言栏)','本地区各市县、乡镇、街道（市区内免费配送）','由于心意鲜花网各地的花艺师不同，鲜花包扎效果可能在花束的形式和搭配上与图片不完全一致，但我们保证鲜花的主花材品种、新鲜程度、数量、颜色与说明一致，谢谢。','订购脱单鲜花，鲜花配送日期为11.11下单自动显示为“光棍节”鲜花预订价，鲜花价格随花材批发价格随时波动，“光棍节”鲜花越早预订越便宜！'),
(18,4,'美好的明天',278,356,'6朵向日葵，搭配绿色洋桔梗，栀子叶，白色相思梅','白色雾面纸内衬，黑色雪梨纸外包，白蓝条纹丝带','在这最美丽的季节里，和阳光一起舞动吧','免费送贺卡，代写您的祝福。(下单时填写留言栏)','本地区各市县、乡镇、街道（市区内免费配送）','由于心意鲜花网各地的花艺师不同，鲜花包扎效果可能在花束的形式和搭配上与图片不完全一致，但我们保证鲜花的主花材品种、新鲜程度、数量、颜色与说明一致，谢谢。','订购脱单鲜花，鲜花配送日期为11.11下单自动显示为“光棍节”鲜花预订价，鲜花价格随花材批发价格随时波动，“光棍节”鲜花越早预订越便宜！'),
(19,4,'感恩时刻',279,358,'红色康乃馨19枝，戴安娜粉玫瑰11枝，搭配栀子叶','蓝灰色绝色纸、雪梨纸包装，粉色缎带束扎','感恩有您，衷心祝福，平安永远','免费送贺卡，代写您的祝福。(下单时填写留言栏)','本地区各市县、乡镇、街道（市区内免费配送）','由于心意鲜花网各地的花艺师不同，鲜花包扎效果可能在花束的形式和搭配上与图片不完全一致，但我们保证鲜花的主花材品种、新鲜程度、数量、颜色与说明一致，谢谢。','订购脱单鲜花，鲜花配送日期为11.11下单自动显示为“光棍节”鲜花预订价，鲜花价格随花材批发价格随时波动，“光棍节”鲜花越早预订越便宜！'),
(20,4,'微风轻拂',259,332,'1枝蓝色绣球，9枝白玫瑰，3枝白色康乃馨，搭配叶上金、水晶草','白色手揉纸内衬，黑色边框白色卡纸外包，精美蝴蝶结','等待那一缕轻风拂过静谧的原野，回味人生的婉转悠长','免费送贺卡，代写您的祝福。(下单时填写留言栏)','本地区各市县、乡镇、街道（市区内免费配送）','由于心意鲜花网各地的花艺师不同，鲜花包扎效果可能在花束的形式和搭配上与图片不完全一致，但我们保证鲜花的主花材品种、新鲜程度、数量、颜色与说明一致，谢谢。','订购脱单鲜花，鲜花配送日期为11.11下单自动显示为“光棍节”鲜花预订价，鲜花价格随花材批发价格随时波动，“光棍节”鲜花越早预订越便宜！'),
(21,4,'她的时光',279,354,'11支粉康，6支戴安娜，3支白百合，多头粉康、栀子叶点缀','白色纸内村，粉色雾面纸外包装，精美蝴蝶结','青春若有张不老的脸，但愿属于她的美丽也未曾改变','免费送贺卡，代写您的祝福。(下单时填写留言栏)','本地区各市县、乡镇、街道（市区内免费配送）','由于心意鲜花网各地的花艺师不同，鲜花包扎效果可能在花束的形式和搭配上与图片不完全一致，但我们保证鲜花的主花材品种、新鲜程度、数量、颜色与说明一致，谢谢。','订购脱单鲜花，鲜花配送日期为11.11下单自动显示为“光棍节”鲜花预订价，鲜花价格随花材批发价格随时波动，“光棍节”鲜花越早预订越便宜！'),
(22,4,'浪漫巴黎',278,356,'10枝粉佳人，2枝冷美人，2枝玛利亚粉玫瑰，2枝桃红康乃馨，搭配粉色小野菊、多头粉边康乃馨、多头紫边康乃馨、白色桔梗','白色绵纸内衬，银灰色卡纸韩式包装，精美花结','存入满满的爱意，将爱送至她面前','免费送贺卡，代写您的祝福。(下单时填写留言栏)','本地区各市县、乡镇、街道（市区内免费配送）','由于心意鲜花网各地的花艺师不同，鲜花包扎效果可能在花束的形式和搭配上与图片不完全一致，但我们保证鲜花的主花材品种、新鲜程度、数量、颜色与说明一致，谢谢。','订购脱单鲜花，鲜花配送日期为11.11下单自动显示为“光棍节”鲜花预订价，鲜花价格随花材批发价格随时波动，“光棍节”鲜花越早预订越便宜！'),
(23,4,'美丽至上',279,358,'19朵粉康乃馨，1枝香水白百合，相思梅、黄莺、栀子叶','紫色绵纸内衬，复古英文报纸叠角外包，精美蝴蝶结','您是那么的美丽，那么的高贵，谢谢您，一直伴我左右','免费送贺卡，代写您的祝福。(下单时填写留言栏)','本地区各市县、乡镇、街道（市区内免费配送）','由于心意鲜花网各地的花艺师不同，鲜花包扎效果可能在花束的形式和搭配上与图片不完全一致，但我们保证鲜花的主花材品种、新鲜程度、数量、颜色与说明一致，谢谢。','订购脱单鲜花，鲜花配送日期为11.11下单自动显示为“光棍节”鲜花预订价，鲜花价格随花材批发价格随时波动，“光棍节”鲜花越早预订越便宜！'),
(24,4,'温暖如春',278,356,'21朵粉康乃馨，2枝香水白百合，满天星、栀子叶','紫色卡纸叠角包装，白色镂空纸托底，精美蝴蝶结','母爱是一缕阳光，让你的心灵即便在寒冷的冬天也能感受到温暖如春','免费送贺卡，代写您的祝福。(下单时填写留言栏)','本地区各市县、乡镇、街道（市区内免费配送）','由于心意鲜花网各地的花艺师不同，鲜花包扎效果可能在花束的形式和搭配上与图片不完全一致，但我们保证鲜花的主花材品种、新鲜程度、数量、颜色与说明一致，谢谢。','订购脱单鲜花，鲜花配送日期为11.11下单自动显示为“光棍节”鲜花预订价，鲜花价格随花材批发价格随时波动，“光棍节”鲜花越早预订越便宜！'),
#公司用花
(25,5,'吉星高照',349,477,'36朵粉色扶郎花，2朵粉百合，水竹、散尾葵、八角叶','免费代写贺词条幅。','新春迎新气，福地启福门','免费送贺卡，代写您的祝福。(下单时填写留言栏)','本地区各市县、乡镇、街道（市区内免费配送）','由于心意鲜花网各地的花艺师不同，鲜花包扎效果可能在花束的形式和搭配上与图片不完全一致，但我们保证鲜花的主花材品种、新鲜程度、数量、颜色与说明一致，谢谢。','订购脱单鲜花，鲜花配送日期为11.11下单自动显示为“光棍节”鲜花预订价，鲜花价格随花材批发价格随时波动，“光棍节”鲜花越早预订越便宜！'),
(26,5,'大吉大利',128,164,'28朵各色扶郎花，搭配绿叶、散尾葵','1.6米花篮（花架因地区差异可能会有所不同） ，棉纸蝴蝶结装饰。','财运滚滚，开业大吉，万事如意','免费送贺卡，代写您的祝福。(下单时填写留言栏)','本地区各市县、乡镇、街道（市区内免费配送）','由于心意鲜花网各地的花艺师不同，鲜花包扎效果可能在花束的形式和搭配上与图片不完全一致，但我们保证鲜花的主花材品种、新鲜程度、数量、颜色与说明一致，谢谢。','订购脱单鲜花，鲜花配送日期为11.11下单自动显示为“光棍节”鲜花预订价，鲜花价格随花材批发价格随时波动，“光棍节”鲜花越早预订越便宜！'),
(27,5,'锦绣前程',128,164,'20朵粉色扶郎，3枝多头粉百合，搭配剑叶、散尾葵、巴西叶','1.5米三角架','祝贺你开业兴隆，财兴旺，财源茂盛，达八方','免费送贺卡，代写您的祝福。(下单时填写留言栏)','本地区各市县、乡镇、街道（市区内免费配送）','由于心意鲜花网各地的花艺师不同，鲜花包扎效果可能在花束的形式和搭配上与图片不完全一致，但我们保证鲜花的主花材品种、新鲜程度、数量、颜色与说明一致，谢谢。','订购脱单鲜花，鲜花配送日期为11.11下单自动显示为“光棍节”鲜花预订价，鲜花价格随花材批发价格随时波动，“光棍节”鲜花越早预订越便宜！'),
(28,5,'鸿运昌盛 ',186,238,'38朵扶郎花，8朵白色百合，八角叶、巴西叶、散尾葵','花篮以实际为主','敬贺开张，并祝吉祥','免费送贺卡，代写您的祝福。(下单时填写留言栏)','本地区各市县、乡镇、街道（市区内免费配送）','由于心意鲜花网各地的花艺师不同，鲜花包扎效果可能在花束的形式和搭配上与图片不完全一致，但我们保证鲜花的主花材品种、新鲜程度、数量、颜色与说明一致，谢谢。','订购脱单鲜花，鲜花配送日期为11.11下单自动显示为“光棍节”鲜花预订价，鲜花价格随花材批发价格随时波动，“光棍节”鲜花越早预订越便宜！'),
(29,5,'前程似锦',648,831,'10支多头白百合，3只蓝色大绣球、21支白玫瑰，尤加利、龟背叶、栀子叶','1.8米高开业花篮','祝开业大吉，生意兴隆，宾客如云','免费送贺卡，代写您的祝福。(下单时填写留言栏)','本地区各市县、乡镇、街道（市区内免费配送）','由于心意鲜花网各地的花艺师不同，鲜花包扎效果可能在花束的形式和搭配上与图片不完全一致，但我们保证鲜花的主花材品种、新鲜程度、数量、颜色与说明一致，谢谢。','订购脱单鲜花，鲜花配送日期为11.11下单自动显示为“光棍节”鲜花预订价，鲜花价格随花材批发价格随时波动，“光棍节”鲜花越早预订越便宜！'),
(30,5,'财源滚滚',239,306,'38朵扶郎花、2枝香水百合、搭配栀子叶、散尾葵叶包扎','二层开业花篮(此价格是单个花篮的价格)','财源滚滚达三江 ，生意兴隆通四海','免费送贺卡，代写您的祝福。(下单时填写留言栏)','本地区各市县、乡镇、街道（市区内免费配送）','由于心意鲜花网各地的花艺师不同，鲜花包扎效果可能在花束的形式和搭配上与图片不完全一致，但我们保证鲜花的主花材品种、新鲜程度、数量、颜色与说明一致，谢谢。','订购脱单鲜花，鲜花配送日期为11.11下单自动显示为“光棍节”鲜花预订价，鲜花价格随花材批发价格随时波动，“光棍节”鲜花越早预订越便宜！'),
(31,5,'富贵大吉',369,473,'各色扶郎花、百合、天堂鸟，搭配洋兰、巴西叶、散尾葵','三层开业花篮(此价格是单个花篮的价格)','敬贺开张，富贵吉祥','免费送贺卡，代写您的祝福。(下单时填写留言栏)','本地区各市县、乡镇、街道（市区内免费配送）','由于心意鲜花网各地的花艺师不同，鲜花包扎效果可能在花束的形式和搭配上与图片不完全一致，但我们保证鲜花的主花材品种、新鲜程度、数量、颜色与说明一致，谢谢。','订购脱单鲜花，鲜花配送日期为11.11下单自动显示为“光棍节”鲜花预订价，鲜花价格随花材批发价格随时波动，“光棍节”鲜花越早预订越便宜！'),
(32,5,'新业兴旺 ',339,435,'各色扶郎花、9枝香水百合、配栀子叶、散尾葵叶','双层花架一个，红色缎带花结一个，粉色棉纸包裹','春意春前草，财源雨后泉','免费送贺卡，代写您的祝福。(下单时填写留言栏)','本地区各市县、乡镇、街道（市区内免费配送）','由于心意鲜花网各地的花艺师不同，鲜花包扎效果可能在花束的形式和搭配上与图片不完全一致，但我们保证鲜花的主花材品种、新鲜程度、数量、颜色与说明一致，谢谢。','订购脱单鲜花，鲜花配送日期为11.11下单自动显示为“光棍节”鲜花预订价，鲜花价格随花材批发价格随时波动，“光棍节”鲜花越早预订越便宜！');





#用户信息
CREATE TABLE xianhua_user(
  uid INT PRIMARY KEY AUTO_INCREMENT,
  uname VARCHAR(32),
  upwd VARCHAR(32),
  email VARCHAR(64),
  phone VARCHAR(16),
  avatar VARCHAR(128),        #头像图片路径
  user_name VARCHAR(32),      #用户名，如王小明
  gender INT                  #性别  0-女  1-男
);


#用户信息
INSERT INTO xianhua_user VALUES
(NULL, 'dingding', '123456', 'ding@qq.com', '13501234567', 'img/avatar/default.png', '丁伟', '1'),
(NULL, 'dangdang', '123456', 'dang@qq.com', '13501234568', 'img/avatar/default.png', '林当', '1'),
(NULL, 'doudou', '123456', 'dou@qq.com', '13501234569', 'img/avatar/default.png', '窦志强', '1'),
(NULL, 'yaya', '123456', 'ya@qq.com', '13501234560', 'img/avatar/default.png', '秦小雅', '0');





#鲜花图片
CREATE TABLE flower_img(
  pid INT PRIMARY KEY AUTO_INCREMENT,
  lid INT,                    #鲜花编号
  sm VARCHAR(128),            #小图片路径
  md VARCHAR(128),            #中图片路径
  lg VARCHAR(128)             #大图片路径
);

#插入图片
#新品上市
INSERT INTO flower_img VALUES
(NULL,1,'img/product/sm/1_05760845621867217_418.jpg','img/product/md/1_05760845621867217_418.jpg','img/product/lg/1_05760845621867217_1280.jpg'),
(NULL,1,'img/product/sm/1_05760845637031851_418.jpg','img/product/md/1_05760845637031851_418.jpg','img/product/lg/1_05760845637031851_1280.jpg'),
(NULL,1,'img/product/sm/1_05760845659208278_418.jpg','img/product/md/1_05760845659208278_418.jpg','img/product/lg/1_05760845659208278_1280.jpg'),
(NULL,1,'img/product/sm/1_05834384792882207_418.jpg','img/product/md/1_05834384792882207_418.jpg','img/product/lg/1_05834384792882207_1280.jpg'),
(NULL,2,'img/product/sm/1_05435818124200877_418.jpg','img/product/md/1_05435818124200877_418.jpg','img/product/lg/1_05435818124200877_1280.jpg'),
(NULL,2,'img/product/sm/1_05435818136591008_418.jpg','img/product/md/1_05435818136591008_418.jpg','img/product/lg/1_05435818136591008_1280.jpg'),
(NULL,2,'img/product/sm/1_05435818155350863_418.jpg','img/product/md/1_05435818155350863_418.jpg','img/product/lg/1_05435818155350863_1280.jpg'),
(NULL,2,'img/product/sm/1_05435818185407066_418.jpg','img/product/md/1_05435818185407066_418.jpg','img/product/lg/1_05435818185407066_1280.jpg'),
(NULL,2,'img/product/sm/1_05435818198051497_418.jpg','img/product/md/1_05435818198051497_418.jpg','img/product/lg/1_05435818198051497_1280.jpg'),
(NULL,3,'img/product/sm/1_05435815291844672_418.jpg','img/product/md/1_05435815291844672_418.jpg','img/product/lg/1_05435815291844672_1280.jpg'),
(NULL,3,'img/product/sm/1_05435815310359905_418.jpg','img/product/md/1_05435815310359905_418.jpg','img/product/lg/1_05435815310359905_1280.jpg'),
(NULL,3,'img/product/sm/1_05435815326327880_418.jpg','img/product/md/1_05435815326327880_418.jpg','img/product/lg/1_05435815326327880_1280.jpg'),
(NULL,3,'img/product/sm/1_05435815340173849_418.jpg','img/product/md/1_05435815340173849_418.jpg','img/product/lg/1_05435815340173849_1280.jpg'),
(NULL,3,'img/product/sm/1_05435815358430346_418.jpg','img/product/md/1_05435815358430346_418.jpg','img/product/lg/1_05435815358430346_1280.jpg'),
(NULL,4,'img/product/sm/1_05435813502624414_418.jpg','img/product/md/1_05435813502624414_418.jpg','img/product/lg/1_05435813502624414_1280.jpg'),
(NULL,4,'img/product/sm/1_05435813514711479_418.jpg','img/product/md/1_05435813514711479_418.jpg','img/product/lg/1_05435813514711479_1280.jpg'),
(NULL,4,'img/product/sm/1_05435813534268001_418.jpg','img/product/md/1_05435813534268001_418.jpg','img/product/lg/1_05435813534268001_1280.jpg'),
(NULL,4,'img/product/sm/1_05435813551788857_418.jpg','img/product/md/1_05435813551788857_418.jpg','img/product/lg/1_05435813551788857_1280.jpg'),
(NULL,4,'img/product/sm/1_05435813571397201_418.jpg','img/product/md/1_05435813571397201_418.jpg','img/product/lg/1_05435813571397201_1280.jpg'),

#红玫瑰
(NULL,5,'img/product/sm/1_05435810763459199_418.jpg','img/product/md/1_05435810763459199_418.jpg','img/product/lg/1_05435810763459199_1280.jpg'),
(NULL,5,'img/product/sm/1_05435810784132264_418.jpg','img/product/md/1_05435810784132264_418.jpg','img/product/lg/1_05435810784132264_1280.jpg'),
(NULL,5,'img/product/sm/1_05435810797433019_418.jpg','img/product/md/1_05435810797433019_418.jpg','img/product/lg/1_05435810797433019_1280.jpg'),
(NULL,5,'img/product/sm/1_05435810820044173_418.jpg','img/product/md/1_05435810820044173_418.jpg','img/product/lg/1_05435810820044173_1280.jpg'),
(NULL,5,'img/product/sm/1_05435810834603281_418.jpg','img/product/md/1_05435810834603281_418.jpg','img/product/lg/1_05435810834603281_1280.jpg'),
(NULL,6,'img/product/sm/1_05815369728189989_418.jpg','img/product/md/1_05815369728189989_418.jpg','img/product/lg/1_05815369728189989_1280.jpg'),
(NULL,6,'img/product/sm/1_05815369757082912_418.jpg','img/product/md/1_05815369757082912_418.jpg','img/product/lg/1_05815369757082912_1280.jpg'),
(NULL,6,'img/product/sm/1_05815369798743991_418.jpg','img/product/md/1_05815369798743991_418.jpg','img/product/lg/1_05815369798743991_1280.jpg'),
(NULL,6,'img/product/sm/1_05815369834777965_418.jpg','img/product/md/1_05815369834777965_418.jpg','img/product/lg/1_05815369834777965_1280.jpg'),
(NULL,7,'img/product/sm/1_05337545130434093_418.jpg','img/product/md/1_05337545130434093_418.jpg','img/product/lg/1_05337545130434093_1280.jpg'),
(NULL,7,'img/product/sm/1_05337546360503781_418.jpg','img/product/md/1_05337546360503781_418.jpg','img/product/lg/1_05337546360503781_1280.jpg'),
(NULL,7,'img/product/sm/1_05337546388134847_418.jpg','img/product/md/1_05337546388134847_418.jpg','img/product/lg/1_05337546388134847_1280.jpg'),
(NULL,7,'img/product/sm/1_05337546406604953_418.jpg','img/product/md/1_05337546406604953_418.jpg','img/product/lg/1_05337546406604953_1280.jpg'),
(NULL,8,'img/product/sm/1_05726923003367470_418.jpg','img/product/md/1_05726923003367470_418.jpg','img/product/lg/1_05726923003367470_1280.jpg'),
(NULL,8,'img/product/sm/1_05726923019942828_418.jpg','img/product/md/1_05726923019942828_418.jpg','img/product/lg/1_05726923019942828_1280.jpg'),
(NULL,8,'img/product/sm/1_05726923027396380_418.jpg','img/product/md/1_05726923027396380_418.jpg','img/product/lg/1_05726923027396380_1280.jpg'),
(NULL,8,'img/product/sm/1_05726923043437942_418.jpg','img/product/md/1_05726923043437942_418.jpg','img/product/lg/1_05726923043437942_1280.jpg'),
(NULL,8,'img/product/sm/1_05834386477709196_418.jpg','img/product/md/1_05834386477709196_418.jpg','img/product/lg/1_05834386477709196_1280.jpg'),
(NULL,9,'img/product/sm/1_05815328039489518_418.jpg','img/product/md/1_05815328039489518_418.jpg','img/product/lg/1_05815328039489518_1280.jpg'),
(NULL,9,'img/product/sm/1_05815328334721507_418.jpg','img/product/md/1_05815328334721507_418.jpg','img/product/lg/1_05815328334721507_1280.jpg'),
(NULL,9,'img/product/sm/1_05815328354697407_418.jpg','img/product/md/1_05815328354697407_418.jpg','img/product/lg/1_05815328354697407_1280.jpg'),
(NULL,9,'img/product/sm/1_05815328377717439_418.jpg','img/product/md/1_05815328377717439_418.jpg','img/product/lg/1_05815328377717439_1280.jpg'),
(NULL,10,'img/product/sm/1_05345991295899214_418.jpg','img/product/md/1_05345991295899214_418.jpg','img/product/lg/1_05345991295899214_1280.jpg'),
(NULL,10,'img/product/sm/1_05345991828197032_418.jpg','img/product/md/1_05345991828197032_418.jpg','img/product/lg/1_05345991828197032_1280.jpg'),
(NULL,10,'img/product/sm/1_05345991843401795_418.jpg','img/product/md/1_05345991843401795_418.jpg','img/product/lg/1_05345991843401795_1280.jpg'),
(NULL,10,'img/product/sm/1_05345991867641691_418.jpg','img/product/md/1_05345991867641691_418.jpg','img/product/lg/1_05345991867641691_1280.jpg'),
(NULL,10,'img/product/sm/1_05345991883765804_418.jpg','img/product/md/1_05345991883765804_418.jpg','img/product/lg/1_05345991883765804_1280.jpg'),


#生日鲜花
(NULL,11,'img/product/sm/1_05664023763366460_418.jpg','img/product/md/1_05664023763366460_418.jpg','img/product/lg/1_05664023763366460_1280.jpg'),
(NULL,11,'img/product/sm/1_05664025213124573_418.jpg','img/product/md/1_05664025213124573_418.jpg','img/product/lg/1_05664025213124573_1280.jpg'),
(NULL,11,'img/product/sm/1_05664025226671216_418.jpg','img/product/md/1_05664025226671216_418.jpg','img/product/lg/1_05664025226671216_1280.jpg'),
(NULL,11,'img/product/sm/1_05664025243687193_418.jpg','img/product/md/1_05664025243687193_418.jpg','img/product/lg/1_05664025243687193_1280.jpg'),
(NULL,11,'img/product/sm/1_05834386653282672_418.jpg','img/product/md/1_05834386653282672_418.jpg','img/product/lg/1_05834386653282672_1280.jpg'),
(NULL,12,'img/product/sm/1_05726928562203666_418.jpg','img/product/md/1_05726928562203666_418.jpg','img/product/lg/1_05726928562203666_1280.jpg'),
(NULL,12,'img/product/sm/1_05726930268360108_418.jpg','img/product/md/1_05726930268360108_418.jpg','img/product/lg/1_05726930268360108_1280.jpg'),
(NULL,12,'img/product/sm/1_05726930282483082_418.jpg','img/product/md/1_05726930282483082_418.jpg','img/product/lg/1_05726930282483082_1280.jpg'),
(NULL,12,'img/product/sm/1_05726930298060365_418.jpg','img/product/md/1_05726930298060365_418.jpg','img/product/lg/1_05726930298060365_1280.jpg'),
(NULL,12,'img/product/sm/1_05726930308063661_418.jpg','img/product/md/1_05726930308063661_418.jpg','img/product/lg/1_05726930308063661_1280.jpg'),
(NULL,13,'img/product/sm/1_05815314067964711_418.jpg','img/product/md/1_05815314067964711_418.jpg','img/product/lg/1_05815314067964711_1280.jpg'),
(NULL,13,'img/product/sm/1_05815315642194334_418.jpg','img/product/md/1_05815315642194334_418.jpg','img/product/lg/1_05815315642194334_1280.jpg'),
(NULL,13,'img/product/sm/1_05815315663900736_418.jpg','img/product/md/1_05815315663900736_418.jpg','img/product/lg/1_05815315663900736_1280.jpg'),
(NULL,13,'img/product/sm/1_05815315675811574_418.jpg','img/product/md/1_05815315675811574_418.jpg','img/product/lg/1_05815315675811574_1280.jpg'),
(NULL,14,'img/product/sm/1_05782512117216689_418.jpg','img/product/md/1_05782512117216689_418.jpg','img/product/lg/1_05782512117216689_1280.jpg'),
(NULL,14,'img/product/sm/1_05782512132872287_418.jpg','img/product/md/1_05782512132872287_418.jpg','img/product/lg/1_05782512132872287_1280.jpg'),
(NULL,14,'img/product/sm/1_05782512147788557_418.jpg','img/product/md/1_05782512147788557_418.jpg','img/product/lg/1_05782512147788557_1280.jpg'),
(NULL,14,'img/product/sm/1_05782512168154295_418.jpg','img/product/md/1_05782512168154295_418.jpg','img/product/lg/1_05782512168154295_1280.jpg'),
(NULL,14,'img/product/sm/1_05782512182020880_418.jpg','img/product/md/1_05782512182020880_418.jpg','img/product/lg/1_05782512182020880_1280.jpg'),
(NULL,15,'img/product/sm/1_05760853630314688_418.jpg','img/product/md/1_05760853630314688_418.jpg','img/product/lg/1_05760853630314688_1280.jpg'),
(NULL,15,'img/product/sm/1_05760853647617509_418.jpg','img/product/md/1_05760853647617509_418.jpg','img/product/lg/1_05760853647617509_1280.jpg'),
(NULL,15,'img/product/sm/1_05760853665702310_418.jpg','img/product/md/1_05760853665702310_418.jpg','img/product/lg/1_05760853665702310_1280.jpg'),
(NULL,15,'img/product/sm/1_05760853709783915_418.jpg','img/product/md/1_05760853709783915_418.jpg','img/product/lg/1_05760853709783915_1280.jpg'),
(NULL,15,'img/product/sm/1_05760853728762010_418.jpg','img/product/md/1_05760853728762010_418.jpg','img/product/lg/1_05760853728762010_1280.jpg'),
(NULL,16,'img/product/sm/1_05338304812492892_418.jpg','img/product/md/1_05338304812492892_418.jpg','img/product/lg/1_05338304812492892_1280.jpg'),
(NULL,16,'img/product/sm/1_05338305543152999_418.jpg','img/product/md/1_05338305543152999_418.jpg','img/product/lg/1_05338305543152999_1280.jpg'),
(NULL,16,'img/product/sm/1_05338305563400246_418.jpg','img/product/md/1_05338305563400246_418.jpg','img/product/lg/1_05338305563400246_1280.jpg'),
(NULL,16,'img/product/sm/1_05338305593587159_418.jpg','img/product/md/1_05338305593587159_418.jpg','img/product/lg/1_05338305593587159_1280.jpg'),
#混搭
(NULL,17,'img/product/sm/1_05451389317576269_418.jpg','img/product/md/1_05451389317576269_418.jpg','img/product/lg/1_05451389317576269_1280.jpg'),
(NULL,17,'img/product/sm/1_05451389352652496_418.jpg','img/product/md/1_05451389352652496_418.jpg','img/product/lg/1_05451389352652496_1280.jpg'),
(NULL,17,'img/product/sm/1_05451389438049575_418.jpg','img/product/md/1_05451389438049575_418.jpg','img/product/lg/1_05451389438049575_1280.jpg'),
(NULL,17,'img/product/sm/1_05451389467955663_418.jpg','img/product/md/1_05451389467955663_418.jpg','img/product/lg/1_05451389467955663_1280.jpg'),
(NULL,17,'img/product/sm/1_05562196015688814_418.jpg','img/product/md/1_05562196015688814_418.jpg','img/product/lg/1_05562196015688814_1280.jpg'),
(NULL,18,'img/product/sm/1_05760859859940365_418.jpg','img/product/md/1_05760859859940365_418.jpg','img/product/lg/1_05760859859940365_1280.jpg'),
(NULL,18,'img/product/sm/1_05760859875520795_418.jpg','img/product/md/1_05760859875520795_418.jpg','img/product/lg/1_05760859875520795_1280.jpg'),
(NULL,18,'img/product/sm/1_05760859924010460_418.jpg','img/product/md/1_05760859924010460_418.jpg','img/product/lg/1_05760859924010460_1280.jpg'),
(NULL,18,'img/product/sm/1_05760860035704677_418.jpg','img/product/md/1_05760860035704677_418.jpg','img/product/lg/1_05760860035704677_1280.jpg'),
(NULL,18,'img/product/sm/1_05760860277985210_418.jpg','img/product/md/1_05760860277985210_418.jpg','img/product/lg/1_05760860277985210_1280.jpg'),
(NULL,19,'img/product/sm/1_05782510943009556_418.jpg','img/product/md/1_05782510943009556_418.jpg','img/product/lg/1_05782510943009556_1280.jpg'),
(NULL,19,'img/product/sm/1_05782510957679525_418.jpg','img/product/md/1_05782510957679525_418.jpg','img/product/lg/1_05782510957679525_1280.jpg'),
(NULL,19,'img/product/sm/1_05782510972475707_418.jpg','img/product/md/1_05782510972475707_418.jpg','img/product/lg/1_05782510972475707_1280.jpg'),
(NULL,19,'img/product/sm/1_05782510991599533_418.jpg','img/product/md/1_05782510991599533_418.jpg','img/product/lg/1_05782510991599533_1280.jpg'),
(NULL,19,'img/product/sm/1_05782511005661915_418.jpg','img/product/md/1_05782511005661915_418.jpg','img/product/lg/1_05782511005661915_1280.jpg'),
(NULL,20,'img/product/sm/1_05754003842940326_418.jpg','img/product/md/1_05754003842940326_418.jpg','img/product/lg/1_05754003842940326_1280.jpg'),
(NULL,20,'img/product/sm/1_05754003859837210_418.jpg','img/product/md/1_05754003859837210_418.jpg','img/product/lg/1_05754003859837210_1280.jpg'),
(NULL,20,'img/product/sm/1_05754003878652567_418.jpg','img/product/md/1_05754003878652567_418.jpg','img/product/lg/1_05754003878652567_1280.jpg'),
(NULL,20,'img/product/sm/1_05754003918748873_418.jpg','img/product/md/1_05754003918748873_418.jpg','img/product/lg/1_05754003918748873_1280.jpg'),
(NULL,21,'img/product/sm/1_05727983121875094_418.jpg','img/product/md/1_05727983121875094_418.jpg','img/product/lg/1_05727983121875094_1280.jpg'),
(NULL,21,'img/product/sm/1_05727988029062502_418.jpg','img/product/md/1_05727988029062502_418.jpg','img/product/lg/1_05727988029062502_1280.jpg'),
(NULL,21,'img/product/sm/1_05727988041280065_418.jpg','img/product/md/1_05727988041280065_418.jpg','img/product/lg/1_05727988041280065_1280.jpg'),
(NULL,21,'img/product/sm/1_05727988056634505_418.jpg','img/product/md/1_05727988056634505_418.jpg','img/product/lg/1_05727988056634505_1280.jpg'),
(NULL,21,'img/product/sm/1_05727988076991660_418.jpg','img/product/md/1_05727988076991660_418.jpg','img/product/lg/1_05727988076991660_1280.jpg'),
(NULL,22,'img/product/sm/1_05754008278437619_418.jpg','img/product/md/1_05754008278437619_418.jpg','img/product/lg/1_05754008278437619_1280.jpg'),
(NULL,22,'img/product/sm/1_05754008302324980_418.jpg','img/product/md/1_05754008302324980_418.jpg','img/product/lg/1_05754008302324980_1280.jpg'),
(NULL,22,'img/product/sm/1_05754008333045940_418.jpg','img/product/md/1_05754008333045940_418.jpg','img/product/lg/1_05754008333045940_1280.jpg'),
(NULL,22,'img/product/sm/1_05754008374134221_418.jpg','img/product/md/1_05754008374134221_418.jpg','img/product/lg/1_05754008374134221_1280.jpg'),
(NULL,22,'img/product/sm/1_05754008440677088_418.jpg','img/product/md/1_05754008440677088_418.jpg','img/product/lg/1_05754008440677088_1280.jpg'),
(NULL,23,'img/product/sm/1_05495451522072274_418.jpg','img/product/md/1_05495451522072274_418.jpg','img/product/lg/1_05495451522072274_1280.jpg'),
(NULL,23,'img/product/sm/1_05495451788124618_418.jpg','img/product/md/1_05495451788124618_418.jpg','img/product/lg/1_05495451788124618_1280.jpg'),
(NULL,23,'img/product/sm/1_05495451800490243_418.jpg','img/product/md/1_05495451800490243_418.jpg','img/product/lg/1_05495451800490243_1280.jpg'),
(NULL,24,'img/product/sm/1_05593908928587408_418.jpg','img/product/md/1_05593908928587408_418.jpg','img/product/lg/1_05593908928587408_1280.jpg'),
(NULL,24,'img/product/sm/1_05593909296481977_418.jpg','img/product/md/1_05593909296481977_418.jpg','img/product/lg/1_05593909296481977_1280.jpg'),
(NULL,24,'img/product/sm/1_05593909310473820_418.jpg','img/product/md/1_05593909310473820_418.jpg','img/product/lg/1_05593909310473820_1280.jpg'),
(NULL,24,'img/product/sm/1_05593909324894685_418.jpg','img/product/md/1_05593909324894685_418.jpg','img/product/lg/1_05593909324894685_1280.jpg'),
(NULL,24,'img/product/sm/1_05593909340883809_418.jpg','img/product/md/1_05593909340883809_418.jpg','img/product/lg/1_05593909340883809_1280.jpg'),

#公司用花
(NULL,25,'img/product/sm/1_05775326357853555_418.jpg','img/product/md/1_05775326357853555_418.jpg','img/product/lg/1_05775326357853555_1280.jpg'),
(NULL,25,'img/product/sm/1_05775326534468650_418.jpg','img/product/md/1_05775326534468650_418.jpg','img/product/lg/1_05775326534468650_1280.jpg'),
(NULL,25,'img/product/sm/1_05775326550108331_418.jpg','img/product/md/1_05775326550108331_418.jpg','img/product/lg/1_05775326550108331_1280.jpg'),
(NULL,25,'img/product/sm/1_05775326567208075_418.jpg','img/product/md/1_05775326567208075_418.jpg','img/product/lg/1_05775326567208075_1280.jpg'),
(NULL,26,'img/product/sm/1_05791879024666828_418.jpg','img/product/md/1_05791879024666828_418.jpg','img/product/lg/1_05791879024666828_1280.jpg'),
(NULL,27,'img/product/sm/1_05771946755292669_418.jpg','img/product/md/1_05771946755292669_418.jpg','img/product/lg/1_05771946755292669_1280.jpg'),
(NULL,27,'img/product/sm/1_05772868285170155_418.jpg','img/product/md/1_05772868285170155_418.jpg','img/product/lg/1_05772868285170155_1280.jpg'),
(NULL,27,'img/product/sm/1_05772868298897044_418.jpg','img/product/md/1_05772868298897044_418.jpg','img/product/lg/1_05772868298897044_1280.jpg'),
(NULL,28,'img/product/sm/1_05775329790185217_418.jpg','img/product/md/1_05775329790185217_418.jpg','img/product/lg/1_05775329790185217_1280.jpg'),
(NULL,28,'img/product/sm/1_05775329948862050_418.jpg','img/product/md/1_05775329948862050_418.jpg','img/product/lg/1_05775329948862050_1280.jpg'),
(NULL,28,'img/product/sm/1_05775329980297271_418.jpg','img/product/md/1_05775329980297271_418.jpg','img/product/lg/1_05775329980297271_1280.jpg'),
(NULL,28,'img/product/sm/1_05775329996691384_418.jpg','img/product/md/1_05775329996691384_418.jpg','img/product/lg/1_05775329996691384_1280.jpg'),
(NULL,29,'img/product/sm/1_05463640281732789_418.jpg','img/product/md/1_05463640281732789_418.jpg','img/product/lg/1_05463640281732789_1280.jpg'),
(NULL,30,'img/product/sm/1_05351226701158392_418.jpg','img/product/md/1_05351226701158392_418.jpg','img/product/lg/1_05351226701158392_1280.jpg'),
(NULL,31,'img/product/sm/1_05340133322341268_418.jpg','img/product/md/1_05340133322341268_418.jpg','img/product/lg/1_05340133322341268_1280.jpg'),
(NULL,32,'img/product/sm/1_05351262371101677_418.jpg','img/product/md/1_05351262371101677_418.jpg','img/product/lg/1_05351262371101677_1280.jpg');





#轮播图
CREATE TABLE flower_carousel(
  cid INT PRIMARY KEY AUTO_INCREMENT,	
  img_md VARCHAR(128),                    #轮播中图
  img_sm VARCHAR(128),			  #轮播小图
  title_bg VARCHAR(64),			  #大标题	
  title_sm VARCHAR(64),			  #小标题	
  price DECIMAL(10,2)		  #价格	
);



#首页轮播广告商品
INSERT INTO flower_carousel VALUES
(NULL,'img/1485261211238h1h.jpg_283x288.jpg','img/1485261211238h1h.jpg_100x100.jpg','爱如磐石--19枝红玫瑰花盒','戴安娜粉玫瑰33枝,石竹梅围绕',154.00),
(NULL,'img/1491925132964iwq.jpg_283x288.jpg','img/1491925132964iwq.jpg_100x100.jpg','呵护--19枝红色康乃馨','19枝红色康乃馨,黄莺丰满搭配',141.00),
(NULL,'img/14861967184977sl.jpg_283x288.jpg','img/14861967184977sl.jpg_100x100.jpg','完美的你--紫玫瑰6枝,粉玫瑰3枝、白玫瑰3枝','紫玫瑰6枝，粉玫瑰3枝、白玫瑰3枝，紫色洋桔梗、叶上花、紫红色小菊适量至花束饱满',154.00),
(NULL,'img/14632903952922mv.jpg_283x288.jpg','img/14632903952922mv.jpg_100x100.jpg','巴黎恋人--红玫瑰19枝','红玫瑰19枝，搭配适量尤加利叶','167.00'),
(NULL,'img/1491925132964iwq.jpg_283x288.jpg','img/1484565747070a44.jpg_100x100.jpg','爱你永不悔--戴安娜粉玫瑰33枝','戴安娜粉玫瑰33枝,石竹梅围绕',296.00);






#首页商品
CREATE TABLE xianhua_index_product(
  pid INT PRIMARY KEY AUTO_INCREMENT,
  title VARCHAR(64),
  details VARCHAR(128),
  price DECIMAL(10,2),
  url VARCHAR(64),
  aid INT,
  href VARCHAR(128)
);
#首页商品
INSERT INTO xianhua_index_product VALUES
(NULL,'爱的宣言','11朵红玫瑰，搭配满天星、栀子叶',168.00,'img/product/sm/1_05760845621867217_418.jpg',1,'product_detalis.html?lid=1'),
(NULL,'蓝色之爱','99朵蓝色妖姬，搭配黄莺、满天星',1289.00,'img/product/sm/1_05435818124200877_418.jpg',1,'product_detalis.html?lid=2'),
(NULL,'花漾的季节','19朵香槟玫瑰，桔梗穿插点缀',265.00,'img/product/sm/1_05435815291844672_418.jpg',1,'product_detalis.html?lid=3'),
(NULL,'母爱知心','9枝粉色康乃馨，间插相思梅点缀',289.00,'img/product/sm/1_05435813502624414_418.jpg',1,'product_detalis.html?lid=4'),
#红玫瑰花精选
(NULL,'爱你永恒','33枝红玫瑰，搭配相思豆点缀',378,'img/product/sm/1_05435810763459199_418.jpg',2,'product_detalis.html?lid=5'),
(NULL,'LOVE 99','99枝红玫瑰，外围满天星',606,'img/product/sm/1_05815369728189989_418.jpg',2,'product_detalis.html?lid=6'),
(NULL,'爱你一生','33朵红玫瑰，搭配相思梅点缀',339,'img/product/sm/1_05337545130434093_418.jpg',2,'product_detalis.html?lid=7'),
(NULL,'浪漫时光','11枝红玫瑰，搭配满天星、栀子叶',189,'img/product/sm/1_05726923003367470_418.jpg',2,'product_detalis.html?lid=8'),
(NULL,'浪漫火花','99枝红玫瑰，搭配满天星',618,'img/product/sm/1_05815328039489518_418.jpg',2,'product_detalis.html?lid=9'),
(NULL,'心有灵犀','99朵混搭玫瑰（红+白），一对情侣小熊',659,'img/product/sm/1_05345991295899214_418.jpg',2,'product_detalis.html?lid=10'),
#生日鲜花
(NULL,'亲密爱人','19朵红玫瑰，搭配绿色桔梗',266,'img/product/sm/1_05664023763366460_418.jpg',3,'product_detalis.html?lid=11'),
(NULL,'夏日晴空','33枝香槟玫瑰，搭配相思梅',339,'img/product/sm/1_05726928562203666_418.jpg',3,'product_detalis.html?lid=12'),
(NULL,'不变的心','33枝戴安娜，搭配满天星',339,'img/product/sm/1_05815314067964711_418.jpg',3,'product_detalis.html?lid=13'),
(NULL,'花开漫恋','苏醒玫瑰20枝、雪山玫瑰13枝，搭配白色相思梅',359,'img/product/sm/1_05782512117216689_418.jpg',3,'product_detalis.html?lid=14'),
(NULL,'爱微笑的眼睛','8枝香水粉百合，搭配勿忘我、满天星、栀子叶',279,'img/product/sm/1_05760853630314688_418.jpg',3,'product_detalis.html?lid=15'),
(NULL,'绝代佳人','33枝粉玫瑰，搭配红色相思梅',33,'img/product/sm/1_05338304812492892_418.jpg',3,'product_detalis.html?lid=16'),
#混搭鲜花
(NULL,'热情可嘉','5朵紫玫，6朵白玫，2枝绣球，桔梗、精美配草',329,'img/product/sm/1_05451389317576269_418.jpg',4,'product_detalis.html?lid=17'),
(NULL,'美好的明天','6朵向日葵，搭配绿色洋桔梗，栀子叶，白色相思梅',278,'img/product/sm/1_05760859859940365_418.jpg',4,'product_detalis.html?lid=18'),
(NULL,'感恩时刻','红色康乃馨19枝，戴安娜粉玫瑰11枝，搭配栀子叶',279,'img/product/sm/1_05782510943009556_418.jpg',4,'product_detalis.html?lid=19'),
(NULL,'微风轻拂','1枝蓝色绣球，9枝白玫瑰，3枝白色康乃馨，搭配叶上金、水晶草',259,'img/product/sm/1_05754003842940326_418.jpg',4,'product_detalis.html?lid=20'),
(NULL,'她的时光','11支粉康，6支戴安娜，3支白百合，多头粉康、栀子叶点缀',279,'img/product/sm/1_05727983121875094_418.jpg',4,'product_detalis.html?lid=21'),
(NULL,'浪漫巴黎','10枝粉佳人，2枝冷美人，2枝玛利亚粉玫瑰，2枝桃红康乃馨，搭配粉色小野菊、多头粉边康乃馨、多头紫边康乃馨、白色桔梗',278,'img/product/sm/1_05754008278437619_418.jpg',4,'product_detalis.html?lid=22'),
(NULL,'美丽至上','19朵粉康乃馨，1枝香水白百合，相思梅、黄莺、栀子叶',279,'img/product/sm/1_05495451522072274_418.jpg',4,'product_detalis.html?lid=23'),
(NULL,'温暖如春','21朵粉康乃馨，2枝香水白百合，满天星、栀子叶',278,'img/product/sm/1_05593908928587408_418.jpg',4,'product_detalis.html?lid=24'),
#公司用花
(NULL,'吉星高照','36朵粉色扶郎花，2朵粉百合，水竹、散尾葵、八角叶',349,'img/product/sm/1_05775326357853555_418.jpg',5,'product_detalis.html?lid=25'),
(NULL,'大吉大利','28朵各色扶郎花，搭配绿叶、散尾葵',128,'img/product/sm/1_05791879024666828_418.jpg',5,'product_detalis.html?lid=26'),
(NULL,'锦绣前程','20朵粉色扶郎，3枝多头粉百合，搭配剑叶、散尾葵、巴西叶',128,'img/product/sm/1_05771946755292669_418.jpg',5,'product_detalis.html?lid=27'),
(NULL,'鸿运昌盛 ','38朵扶郎花，8朵白色百合，八角叶、巴西叶、散尾葵',186,'img/product/sm/1_05775329790185217_418.jpg',5,'product_detalis.html?lid=28'),
(NULL,'前程似锦','10支多头白百合，3只蓝色大绣球、21支白玫瑰，尤加利、龟背叶、栀子叶',648,'img/product/sm/1_05463640281732789_418.jpg',5,'product_detalis.html?lid=29'),
(NULL,'财源滚滚','38朵扶郎花、2枝香水百合、搭配栀子叶、散尾葵叶包扎',239,'img/product/sm/1_05351226701158392_418.jpg',5,'product_detalis.html?lid=30'),
(NULL,'富贵大吉','各色扶郎花、百合、天堂鸟，搭配洋兰、巴西叶、散尾葵',369,'img/product/sm/1_05340133322341268_418.jpg',5,'product_detalis.html?lid=31'),
(NULL,'新业兴旺 ','各色扶郎花、9枝香水百合、配栀子叶、散尾葵叶',339,'img/product/sm/1_05351262371101677_418.jpg',5,'product_detalis.html?lid=32');
